"year(cout)","month(cout)","callNumber","title","Mexico","Ireland","Spain","Israel","Egypt","China","Cuba","Iraq","Japan"
2006,1,"YA THICKER","Thicker than water coming of age stories by Irish and Irish American writers",0,2,6,0,0,4,2,0,0
2006,2,"YA CANN","Spanish holiday or How I transformed the worst vacation ever into the best summer of my life",0,0,11,0,0,3,9,0,0
2006,3,"YA BERRY","China garden",0,3,2,0,2,4,2,0,0
2006,4,"YA OSA","Cuba 15 a novel",0,1,10,0,1,4,13,0,0
2006,5,"YA OSA","Cuba 15 a novel",0,0,2,0,1,2,4,0,0
2006,6,"YA CANN","Spanish holiday or How I transformed the worst vacation ever into the best summer of my life",0,1,13,0,1,6,12,0,0
2006,7,"YA TRIANA","Cubanita",0,0,16,0,0,9,10,0,0
2006,8,"YA JELLEN","Spain or shine",0,0,11,0,1,9,10,0,0
2006,9,"YA OSA","Cuba 15 a novel",0,1,7,0,1,8,6,0,0
2006,10,"YA BERRY","China garden",0,0,2,0,2,12,6,0,0
2006,11,"YA BERRY","China garden",0,0,3,0,3,8,11,0,0
2006,12,"YA B C594N 2005","Cleopatra Egypts last pharaoh",0,1,1,0,2,5,1,0,0
2007,1,"YA JELLEN","Spain or shine",0,0,2,0,0,3,3,0,0
2007,2,"YA OSA","Cuba 15 a novel",0,0,2,0,1,1,5,0,0
2007,3,"YA JELLEN","Spain or shine",0,0,6,0,3,8,6,0,0
2007,4,"YA LESTER","Pharaohs daughter a novel of ancient Egypt",0,0,4,0,3,8,8,0,0
2007,5,"YA OSA","Cuba 15 a novel",0,0,3,0,2,3,5,0,0
2007,6,"YA OSA","Cuba 15 a novel",3,0,3,0,1,12,7,0,0
2007,7,"YA JELLEN","Spain or shine",2,0,7,0,0,10,6,0,0
2007,8,"YA OSA","Cuba 15 a novel",3,2,6,0,0,6,4,0,0
2007,9,"YA OSA","Cuba 15 a novel",1,1,1,0,2,2,6,0,0
2007,10,"YA B C594C 2007","Cleopatra ruler of Egypt",1,0,0,0,2,4,3,0,0
2007,11,"YA NAPOLI","Hush an Irish princess tale",3,6,1,0,1,5,6,0,0
2007,12,"YA B C594N 2005","Cleopatra Egypts last pharaoh",0,5,1,0,5,4,3,0,0
2008,1,"YA LEVITIN","Escape from Egypt a novel",0,6,3,0,5,9,6,0,0
2008,2,"YA TRIANA","Cubanita",2,7,0,0,4,4,4,0,0
2008,3,"YA BERRY","China garden",3,3,3,0,5,5,7,0,0
2008,4,"YA OSA","Cuba 15 a novel",0,4,5,0,3,5,7,0,0
2008,5,"YA BERRY","China garden",2,7,4,0,0,7,8,0,0
2008,6,"YA OSA","Cuba 15 a novel",0,12,3,0,3,4,8,0,0
2008,7,"YA WILLIAM","Broken China",1,10,7,0,2,11,8,0,0
2008,8,"YA WILLIAM","Broken China",2,10,6,0,2,5,2,0,0
2008,9,"YA OSA","Cuba 15 a novel",2,11,4,0,1,2,5,0,12
2008,10,"YA B C594C 2007","Cleopatra ruler of Egypt",3,6,2,0,2,2,2,0,6
2008,11,"YA FAUST","Faust Volume one Fiction and manga from the cutting edge of Japanese pop culture",1,7,2,0,1,2,0,0,6
2008,12,"YA OSA","Cuba 15 a novel",8,9,3,0,3,1,8,0,5
2009,1,"YA FAUST","Faust Volume one Fiction and manga from the cutting edge of Japanese pop culture",4,12,3,0,2,5,5,0,4
2009,2,"YA B C594C 2007","Cleopatra ruler of Egypt",0,6,4,0,2,3,2,0,5
2009,3,"YA NAPOLI","Hush an Irish princess tale",8,12,4,0,1,7,3,0,3
2009,4,"YA NAPOLI","Hush an Irish princess tale",4,8,5,0,3,4,6,0,2
2009,5,"YA CANN","Spanish holiday or How I transformed the worst vacation ever into the best summer of my life",4,4,2,0,3,7,5,0,1
2009,6,"YA FAUST","Faust Volume one Fiction and manga from the cutting edge of Japanese pop culture",4,9,4,0,5,10,6,0,2
2009,7,"YA FAUST","Faust Volume one Fiction and manga from the cutting edge of Japanese pop culture",3,10,3,0,4,4,7,0,5
2009,8,"YA OSA","Cuba 15 a novel",3,7,7,0,1,9,5,0,2
2009,9,"YA JELLEN","Spain or shine",2,3,2,0,2,7,4,0,3
2009,10,"YA BERRY","China garden",4,5,2,0,1,6,3,0,3
2009,11,"YA ALEGRIA","Sofi Mendozas guide to getting lost in Mexico",4,6,1,0,0,7,3,0,1
2009,12,"YA LESTER","Pharaohs daughter a novel of ancient Egypt",1,2,2,0,6,3,3,0,0
2010,1,"YA NAPOLI","Hush an Irish princess tale",5,4,2,0,4,3,1,0,2
2010,2,"YA OSA","Cuba 15 a novel",5,3,2,0,1,2,7,0,2
2010,3,"YA ENGLE","Tropical secrets Holocaust refugees in Cuba",1,6,2,0,2,6,3,0,2
2010,4,"YA B C2796M 2009","Fidel Castro Cuban president revolutionary",4,3,1,0,3,1,4,0,1
2010,5,"YA LESTER","Pharaohs daughter a novel of ancient Egypt",3,2,0,0,3,1,5,0,0
2010,6,"YA CRUTCHE","Chinese handcuffs",5,3,0,0,2,2,4,0,0
2010,7,"YA NAPOLI","Hush an Irish princess tale",5,7,2,0,0,5,3,0,0
2010,8,"YA NAPOLI","Hush an Irish princess tale",1,8,1,0,0,3,6,0,0
2010,9,"YA NAPOLI","Hush an Irish princess tale",3,1,0,0,0,4,3,0,0
2010,10,"YA LITTLE","apprentices masterpiece a story of medieval Spain",1,0,1,0,3,3,1,0,0
2010,11,"YA NAPOLI","Hush an Irish princess tale",0,3,0,0,1,1,2,0,0
2010,12,"YA BERRY","China garden",1,3,0,0,2,2,1,0,0
2011,1,"YA B C594C 2007","Cleopatra ruler of Egypt",3,1,0,0,2,2,1,0,0
2011,2,"YA OSA","Cuba 15 a novel",0,1,0,0,4,2,4,0,0
2011,3,"YA SUPPLEE","When Irish guys are smiling",3,4,0,0,2,2,1,0,0
2011,4,"YA LEVITIN","Escape from Egypt a novel",2,4,1,0,6,3,0,0,0
2011,5,"YA TRIANA","Cubanita",2,2,0,0,1,1,2,0,0
2011,6,"YA NAPOLI","Hush an Irish princess tale",3,4,0,0,2,1,1,0,0
2011,7,"YA OSA","Cuba 15 a novel",2,2,0,0,2,2,3,0,0
2011,8,"YA BERRY","China garden",3,1,0,0,2,3,1,0,0
2011,9,"YA SUPPLEE","When Irish guys are smiling",1,1,0,0,0,0,1,0,0
2011,10,"YA B T1532o 2010","From China to America the story of Amy Tan",1,2,0,0,1,11,1,0,0
2011,11,"YA MEYER","mark of the golden dragon being an account of the further adventures of Jacky Faber jewel of the East vexation of the West and pearl of the South China Sea",1,3,2,0,0,10,0,0,0
2011,12,"YA MEYER","mark of the golden dragon being an account of the further adventures of Jacky Faber jewel of the East vexation of the West and pearl of the South China Sea",1,2,0,0,0,8,0,0,0
2012,1,"YA LIU","great call of China",4,0,0,0,0,7,2,0,0
2012,2,"YA ALEGRIA","Sofi Mendozas guide to getting lost in Mexico",3,0,0,0,3,6,0,0,0
2012,3,"YA PENA","Mexican whiteboy",9,3,1,0,2,3,0,0,0
2012,4,"YA PENA","Mexican whiteboy",5,0,1,0,4,3,0,0,2
2012,5,"YA PENA","Mexican whiteboy",2,1,0,0,0,4,1,0,2
2012,6,"YA LESTER","Pharaohs daughter a novel of ancient Egypt",1,0,1,0,1,1,1,0,2
2012,7,"YA PENA","Mexican whiteboy",3,3,0,0,2,2,0,0,4
2012,8,"YA B T6348G 2008","TomÃ‚Â s de Torquemada architect of torture during the Spanish Inquisition",0,1,1,0,1,3,2,0,1
2012,9,"YA TOMO","Tomo friendship through fiction an anthology of Japan teen stories",3,2,3,0,1,2,1,0,1
2012,10,"YA B C4999P 2009","Cixi evil empress of China",0,0,1,0,0,4,0,0,2
2012,11,"YA NAPOLI","Hush an Irish princess tale",0,2,0,0,2,1,0,0,0
2012,12,"YA B C4999P 2009","Cixi evil empress of China",2,0,0,0,0,4,1,0,0
2013,1,"YA B C594C 2007","Cleopatra ruler of Egypt",1,2,1,0,2,6,1,0,1
2013,2,"YA B C594C 2007","Cleopatra ruler of Egypt",0,1,1,0,1,3,0,0,3
2013,3,"YA THICKER","Thicker than water coming of age stories by Irish and Irish American writers",0,3,0,0,2,2,1,0,0
2013,4,"YA NAPOLI","Hush an Irish princess tale",2,2,1,0,1,4,2,0,0
2013,5,"YA B T1532o 2010","From China to America the story of Amy Tan",0,0,1,0,1,5,2,0,0
2013,6,"YA TOMO","Tomo friendship through fiction an anthology of Japan teen stories",2,2,0,0,0,2,5,0,2
2013,7,"YA B T1532o 2010","From China to America the story of Amy Tan",2,1,4,0,0,6,2,0,1
2013,8,"YA PENA","Mexican whiteboy",3,0,0,0,0,5,2,0,1
2013,9,"YA ENGLE","lightning dreamer Cubas greatest abolitionist",0,0,1,0,0,1,4,0,1
2013,10,"YA ENGLE","lightning dreamer Cubas greatest abolitionist",2,0,1,0,1,4,1,0,0
2013,11,"YA NAPOLI","Hush an Irish princess tale",13,1,0,0,1,1,0,0,0
2013,12,"YA B C594N 2005","Cleopatra Egypts last pharaoh",10,1,0,0,4,0,2,0,0
2014,1,"YA ENGLE","lightning dreamer Cubas greatest abolitionist",0,1,3,0,0,6,4,0,0
2014,2,"YA PENA","Mexican whiteboy",4,1,0,0,1,1,4,0,0
2014,3,"YA PENA","Mexican whiteboy",6,1,2,0,1,1,2,0,2
2014,4,"YA ENGLE","lightning dreamer Cubas greatest abolitionist",2,1,0,0,1,0,2,0,2
2014,5,"YA ENGLE","lightning dreamer Cubas greatest abolitionist",6,0,2,0,1,3,5,0,0
2014,6,"YA NAPOLI","Hush an Irish princess tale",4,1,1,0,0,2,1,0,2
2014,7,"YA B T1532o 2010","From China to America the story of Amy Tan",16,1,0,0,1,5,4,0,0
2014,8,"YA PENA","Mexican whiteboy",8,0,0,0,0,1,1,0,0
2014,9,"YA PENA","Mexican whiteboy",6,0,1,0,1,2,2,0,0
2014,10,"YA ENGLE","lightning dreamer Cubas greatest abolitionist",12,2,0,0,0,1,2,0,0
2014,11,"YA LESTER","Pharaohs daughter a novel of ancient Egypt",2,0,1,0,1,3,2,0,0
2014,12,"YA ENGLE","lightning dreamer Cubas greatest abolitionist",2,0,0,0,0,2,2,0,0
2015,1,"YA B C594N 2005","Cleopatra Egypts last pharaoh",5,3,0,0,1,1,1,0,0
2015,2,"YA PENA","Mexican whiteboy",3,0,0,0,1,2,1,0,0
2015,3,"YA MEYER","mark of the golden dragon being an account of the further adventures of Jacky Faber jewel of the East vexation of the West and pearl of the South China Sea",0,0,0,0,1,3,2,0,1
2015,4,"YA ENGLE","lightning dreamer Cubas greatest abolitionist",6,2,0,0,0,2,2,0,0
2015,5,"YA B T6348G 2008","TomÃ‚Â s de Torquemada architect of torture during the Spanish Inquisition",2,0,2,0,2,1,2,0,1
2015,6,"YA PENA","Mexican whiteboy",4,4,0,0,0,1,1,0,0
2015,7,"YA TOMO","Tomo friendship through fiction an anthology of Japan teen stories",5,0,0,0,0,1,2,0,2
2015,8,"YA B T6348G 2008","TomÃ‚Â s de Torquemada architect of torture during the Spanish Inquisition",6,2,1,0,0,1,1,0,1
2015,9,"YA DELAPEN","Mexican whiteboy",5,0,0,0,1,2,4,0,0
2015,10,"YA B T6348G 2008","TomÃ‚Â s de Torquemada architect of torture during the Spanish Inquisition",3,0,2,0,0,0,2,0,0
2015,11,"YA ENGLE","lightning dreamer Cubas greatest abolitionist",4,0,0,0,1,0,2,0,0
2015,12,"YA ENGLE","lightning dreamer Cubas greatest abolitionist",1,0,0,0,0,1,3,0,0
2016,1,"YA B C594C 2007","Cleopatra ruler of Egypt",1,0,0,0,1,0,3,0,1
2016,2,"YA NAPOLI","Hush an Irish princess tale",4,1,1,0,0,1,1,0,0
2016,3,"YA DELAPEN","Mexican whiteboy",4,0,0,0,0,0,1,0,1
2016,4,"YA DELAPEN","Mexican whiteboy",3,0,1,0,0,0,2,0,0
2016,5,"YA DELAPEN","Mexican whiteboy",6,0,0,0,0,0,2,0,0
2016,6,"YA MEYER","mark of the golden dragon being an account of the further adventures of Jacky Faber jewel of the East vexation of the West and pearl of the South China Sea",6,1,0,0,2,2,2,0,1
2016,7,"YA PENA","Mexican whiteboy",10,1,1,0,1,0,2,0,1
2016,8,"YA PENA","Mexican whiteboy",4,2,1,0,0,1,2,0,0
2016,9,"YA B C594N 2005","Cleopatra Egypts last pharaoh",7,2,0,0,2,0,1,0,0
2016,10,"YA ENGLE","lightning dreamer Cubas greatest abolitionist",2,2,1,0,0,1,3,0,0
2016,11,"YA OSA","Cuba 15 a novel",3,0,0,0,0,0,3,0,0
2016,12,"YA DELAPEN","Mexican whiteboy",2,0,2,0,0,2,2,0,0
