"year(cout)","month(cout)","callNumber","title","Mexico","Ireland","Spain","Israel","Egypt","China","Cuba","Iraq","Japan"
2006,1,"E MANNIS","One leaf rides the wind counting in a Japanese garden",8,3,15,2,4,60,3,0,11
2006,2,"E MANNIS","One leaf rides the wind counting in a Japanese garden",9,8,28,0,4,68,5,0,15
2006,3,"E LEWIN","Big Jimmys Kum Kau Chinese take out",10,13,22,3,4,68,11,0,18
2006,4,"E LOOK","Uncle Peters amazing Chinese wedding",13,4,28,2,2,54,4,0,15
2006,5,"E MCCANN","Scooby Doo and the monster of Mexico",11,6,15,0,4,36,6,0,14
2006,6,"E TEJIMA","Ho limlim a rabbit tale from Japan",22,5,30,3,1,55,2,0,18
2006,7,"E YOUNG","Beyond the great mountains a visual poem about china",29,7,25,1,4,61,5,0,15
2006,8,"E LOOK","Uncle Peters amazing Chinese wedding",25,3,35,1,1,61,5,0,12
2006,9,"E LOOK","Uncle Peters amazing Chinese wedding",20,3,26,1,5,60,5,0,17
2006,10,"E ADA","Gathering the sun an alphabet in Spanish and English",25,12,25,1,6,64,5,0,24
2006,11,"E TUCKER","seven Chinese sisters",20,12,29,0,5,70,5,0,18
2006,12,"E YOUNG","Beyond the great mountains a visual poem about china",11,10,11,1,3,62,1,0,16
2007,1,"E MURPHY","Fergus and the Night Demon an Irish ghost story",6,6,7,1,0,33,1,0,5
2007,2,"E GEESLIN","On Ramons farm five tales of Mexico",9,7,13,5,2,47,4,0,5
2007,3,"E MAK","My Chinatown one year in poems",22,22,23,1,5,66,5,0,19
2007,4,"E TUCKER","seven Chinese sisters",21,13,26,1,3,72,5,0,20
2007,5,"E MANNIS","One leaf rides the wind counting in a Japanese garden",11,12,17,2,2,53,4,0,19
2007,6,"E LOOK","Uncle Peters amazing Chinese wedding",20,10,31,3,3,48,5,0,9
2007,7,"E MCMAHON","Just add one Chinese sister",13,15,33,2,5,83,2,0,11
2007,8,"E LOOMIS","Scuba bunnies",20,13,45,1,1,61,6,0,12
2007,9,"E KREBS","Were sailing down the Nile a journey through Egypt",15,14,41,0,14,63,3,0,20
2007,10,"E KREBS","Were sailing down the Nile a journey through Egypt",15,9,23,1,10,42,3,0,15
2007,11,"E KREBS","Were sailing down the Nile a journey through Egypt",16,12,29,0,10,70,3,0,15
2007,12,"E LEWIN","Big Jimmys Kum Kau Chinese take out",18,7,25,2,9,74,1,0,8
2008,1,"E ELYA","Fairy trails a story told in English and Spanish",16,12,34,2,9,95,5,0,17
2008,2,"E LEWIN","Big Jimmys Kum Kau Chinese take out",20,16,23,4,14,116,3,0,13
2008,3,"E CRANE","D is for dancing dragon a China alphabet",19,21,30,1,13,73,5,0,17
2008,4,"E KREBS","Were sailing down the Nile a journey through Egypt",16,10,26,2,16,64,5,0,11
2008,5,"E WALDMAN","never ending greenness we made Israel bloom",17,11,46,5,7,73,0,0,29
2008,6,"E DEMI","emperors new clothes a tale set in China",19,15,38,3,7,65,3,0,21
2008,7,"E KREBS","Were sailing down the Nile a journey through Egypt",22,7,41,3,11,79,4,0,12
2008,8,"E ADA","Gathering the sun an alphabet in Spanish and English",12,12,38,3,7,75,5,0,15
2008,9,"E YI","Good morning China",17,9,40,1,8,75,2,0,20
2008,10,"E MAK","My Chinatown one year in poems",23,9,42,2,18,78,6,0,14
2008,11,"E WALDMAN","never ending greenness we made Israel bloom",9,8,43,2,8,52,3,0,8
2008,12,"E PAUL","Count on Culebra go from 1 to 10 in Spanish",14,10,35,2,3,45,5,0,6
2009,1,"E MIRANDA","Alphabet fiesta an English Spanish alphabet story",17,8,53,2,8,128,6,0,17
2009,2,"E MORALES","Just in case a trickster tale and Spanish alphabet book",16,10,50,1,8,74,4,0,15
2009,3,"E YOUNG","Beyond the great mountains a visual poem about china",18,22,54,4,6,92,4,0,14
2009,4,"E BISHOP","five Chinese brothers",12,4,41,0,16,97,5,0,18
2009,5,"E MORALES","Just in case a trickster tale and Spanish alphabet book",14,7,44,2,13,86,3,0,10
2009,6,"E SOLLING","Diegos Egyptian expedition",19,7,41,3,13,80,6,0,16
2009,7,"E CLIMO","little red ant and the great big crumb a Mexican fable",15,7,50,0,16,105,7,0,12
2009,8,"E IIJIMA","way we do it in Japan",12,7,35,1,11,74,4,0,14
2009,9,"E ADA","Gathering the sun an alphabet in Spanish and English",11,7,39,1,11,60,3,0,13
2009,10,"E SOLLING","Diegos Egyptian expedition",16,6,45,0,22,71,3,0,11
2009,11,"E CRANE","D is for dancing dragon a China alphabet",17,9,37,0,16,61,4,0,15
2009,12,"E KREBS","Were sailing down the Nile a journey through Egypt",8,4,28,1,3,66,1,0,9
2010,1,"E HACHETT","Ryan Robbies bike ride adventure and Lao Laos Chinese secrets",11,5,29,2,14,114,3,0,17
2010,2,"E BURGARD","Flying feet a story of Irish dance",9,8,40,0,13,106,1,0,9
2010,3,"E MCMAHON","Just add one Chinese sister",12,12,32,2,12,93,1,0,9
2010,4,"E LOUIS","Liu and the bird a journey in Chinese calligraphy",12,7,31,3,9,70,4,0,13
2010,5,"E CLIMO","little red ant and the great big crumb a Mexican fable",15,9,33,1,11,64,2,0,13
2010,6,"E MAK","My Chinatown one year in poems",15,9,43,1,16,75,1,0,6
2010,7,"E ANNO","Annos Spain",12,6,34,1,10,76,3,0,8
2010,8,"E MURPHY","Fergus and the Night Demon an Irish ghost story",13,10,37,2,7,67,3,0,6
2010,9,"E PAUL","Count on Culebra go from 1 to 10 in Spanish",7,5,28,0,13,52,4,0,9
2010,10,"E YATES","Ten little mummies an Egyptian counting book",7,6,31,1,13,72,4,0,14
2010,11,"E YI","Good morning China",8,5,31,1,12,69,2,0,7
2010,12,"E MAK","My Chinatown one year in poems",10,1,22,2,4,68,1,0,4
2011,1,"E YI","Good morning China",6,6,27,0,7,156,1,0,4
2011,2,"E KATZ","My first Chinese New Year",10,10,24,1,7,110,1,0,8
2011,3,"E MERRILL1992","girl who loved caterpillars a twelfth century tale from Japan",9,11,34,1,6,102,1,0,15
2011,4,"E KATZ","My first Chinese New Year",13,3,30,1,6,87,3,0,6
2011,5,"E WALDMAN","never ending greenness we made Israel bloom",3,5,25,1,5,73,2,0,13
2011,6,"E DORROS","Radio Man Don Radio a story in English and Spanish",8,5,36,1,4,106,3,0,9
2011,7,"E MURPHY","Fergus and the Night Demon an Irish ghost story",7,5,27,0,11,90,3,0,8
2011,8,"E COMPEST","runaway wok a Chinese New Year tale",6,3,18,0,5,69,3,0,8
2011,9,"E MORALES","Just in case a trickster tale and Spanish alphabet book",2,5,29,0,3,64,0,0,16
2011,10,"E LEWIN","Big Jimmys Kum Kau Chinese take out",1,7,23,1,3,60,2,0,10
2011,11,"E YEH","magic brush a story of love family and Chinese characters Kat Yeh illustrated by Huy Voun Lee",4,10,20,0,8,66,1,0,14
2011,12,"E KATZ","My first Chinese New Year",2,6,13,0,3,77,1,0,10
2012,1,"E MANNIS","One leaf rides the wind counting in a Japanese garden",6,8,19,0,8,130,0,0,12
2012,2,"E TUCKER","seven Chinese sisters",2,13,15,1,3,97,2,0,6
2012,3,"E CRANE","D is for dancing dragon a China alphabet",7,9,30,1,3,67,0,0,10
2012,4,"E LEWIN","Big Jimmys Kum Kau Chinese take out",7,5,24,0,4,78,3,0,7
2012,5,"E CHIN","year of the rat tales from the Chinese zodiac",7,5,17,7,2,62,2,0,12
2012,6,"E KREBS","Off we go to Mexico an adventure in the sun",6,3,25,7,7,75,3,0,6
2012,7,"E WHELAN","Megans year an Irish Travelers story",2,9,18,7,9,97,3,0,3
2012,8,"E CHIN","year of the dragon tales from the Chinese zodiac",0,3,19,6,6,55,2,0,1
2012,9,"E COMPEST","runaway wok a Chinese New Year tale",2,5,18,3,4,67,1,0,2
2012,10,"E SELLIER","Legend of the Chinese dragon",5,10,33,5,15,76,1,0,15
2012,11,"E YATES","Ten little mummies an Egyptian counting book",1,6,20,3,8,81,1,0,5
2012,12,"E MAK","My Chinatown one year in poems",1,2,11,3,13,61,1,0,6
2013,1,"E HACHETT","Ryan Robbies bike ride adventure and Lao Laos Chinese secrets",2,5,25,7,16,160,1,0,6
2013,2,"E SOLLING","Diegos Egyptian expedition",3,5,30,7,16,137,0,0,7
2013,3,"E KAKO","Little Daruma and Little Kaminari a Japanese childrens tale",1,8,26,4,12,79,1,0,10
2013,4,"E MURPHY","Fergus and the Night Demon an Irish ghost story",3,5,21,6,8,58,2,0,20
2013,5,"E CHIN","year of the dragon tales from the Chinese zodiac",1,6,21,5,10,50,0,0,7
2013,6,"E MAK","My Chinatown one year in poems",2,3,24,5,14,76,1,0,8
2013,7,"E TUCKER","seven Chinese sisters",1,5,25,6,6,72,1,0,8
2013,8,"E SOLLING","Diegos Egyptian expedition",0,1,24,4,13,74,1,0,7
2013,9,"E COMPEST","runaway wok a Chinese New Year tale",2,3,47,4,6,51,0,0,12
2013,10,"E YEH","magic brush a story of love family and Chinese characters Kat Yeh illustrated by Huy Voun Lee",0,8,23,7,7,53,1,0,7
2013,11,"E MAYHEW","Katie and the Spanish princess",1,5,30,4,8,64,1,0,6
2013,12,"E PAUL","Count on Culebra go from 1 to 10 in Spanish",0,2,19,2,5,61,1,0,7
2014,1,"E RAUCHWE","Dinosaur goes to Israel",2,5,27,5,11,163,2,0,8
2014,2,"E IIJIMA","way we do it in Japan",1,4,27,4,12,105,1,0,8
2014,3,"E COMPEST","runaway wok a Chinese New Year tale",1,9,28,5,8,73,0,0,4
2014,4,"E YAMASAK","Fish for Jimmy inspired by one familys experience in a Japanese American internment camp",1,1,18,2,11,50,2,0,5
2014,5,"E CHIN","year of the snake tales from the Chinese zodiac",1,6,25,4,10,46,0,0,6
2014,6,"E PAUL","Count on Culebra go from 1 to 10 in Spanish",2,5,21,5,7,75,0,0,2
2014,7,"E KREBS","Were sailing down the Nile a journey through Egypt",1,3,24,2,7,75,1,0,2
2014,8,"E MAYHEW","Katie and the Spanish princess",1,2,29,1,7,56,1,0,5
2014,9,"E RAUCHWE","Dinosaur goes to Israel",2,2,19,6,4,50,0,0,2
2014,10,"E SELLIER","Legend of the Chinese dragon",2,4,19,1,6,66,1,0,6
2014,11,"E LOOK","Uncle Peters amazing Chinese wedding",1,3,19,4,6,62,0,0,5
2014,12,"E CRANE","D is for dancing dragon a China alphabet",2,2,9,3,6,68,2,0,4
2015,1,"E GOWER","Long Longs New Year a story about the Chinese Spring Festival",3,2,18,4,6,102,0,0,10
2015,2,"E PAUL","Count on Culebra go from 1 to 10 in Spanish",1,3,24,4,3,125,0,0,4
2015,3,"E YOUNG","Beyond the great mountains a visual poem about china",1,3,21,2,2,69,0,0,9
2015,4,"E SELLIER","Legend of the Chinese dragon",1,5,19,4,5,49,2,0,3
2015,5,"E LOOK","Uncle Peters amazing Chinese wedding",1,3,24,5,3,60,1,0,3
2015,6,"E SELLIER","Legend of the Chinese dragon",2,6,20,3,5,44,0,0,3
2015,7,"E MAYHEW","Katie and the Spanish princess",1,2,28,3,1,30,0,0,5
2015,8,"E MAYHEW","Katie and the Spanish princess",0,3,16,3,2,53,1,0,3
2015,9,"E RAUCHWE","Dinosaur goes to Israel",1,2,18,2,5,36,1,0,7
2015,10,"E RAUCHWE","Dinosaur goes to Israel",0,4,23,3,2,37,0,0,3
2015,11,"E GEESLIN","In Rosas Mexico",2,2,16,1,2,50,0,0,6
2015,12,"E CRANE","D is for dancing dragon a China alphabet",0,1,9,2,1,38,0,0,2
2016,1,"E CHIN","year of the snake tales from the Chinese zodiac",1,3,18,4,0,115,1,0,7
2016,2,"E CHIN","year of the ox tales from the Chinese zodiac",1,5,13,4,2,88,1,0,6
2016,3,"E MAYHEW","Katie and the Spanish princess",1,4,20,4,1,43,0,0,4
2016,4,"E KULLING","Lumpito and the painter from Spain",1,1,15,2,2,44,1,0,4
2016,5,"E YAMASAK","Fish for Jimmy inspired by one familys experience in a Japanese American internment camp",1,5,13,7,3,45,1,0,6
2016,6,"E ANNO","Annos Spain",1,3,19,4,2,39,1,0,4
2016,7,"E KULLING","Lumpito and the painter from Spain",0,5,19,2,2,47,0,0,3
2016,8,"E WHELAN","Megans year an Irish Travelers story",0,3,17,4,6,34,0,0,2
2016,9,"E SELLIER","Legend of the Chinese dragon",1,3,9,1,3,33,0,0,1
2016,10,"E SELLIER","Legend of the Chinese dragon",1,6,23,2,1,44,1,0,1
2016,11,"E MORALES","Just in case a trickster tale and Spanish alphabet book",0,4,14,3,1,35,0,0,6
2016,12,"E RAUCHWE","Dinosaur goes to Israel",0,2,8,1,1,64,0,0,3
